id,title,firstName,lastName,company,email,phoneNumber,buildingNumber,streetName,city,postcode,county,creditCardType,creditCardExpirationDate
53421926,Dr.,Donna,Johnson,"Martin Ltd",donna.johnson@robinson.org,"(0043) 645 2768",168,"Tom Locks",Ellieburgh,"FK8 1LD","West Yorkshire",MasterCard,10/20
11840806,Dr.,Ben,Graham,"Reid Inc",ben.graham@palmer.info,"(08851) 360123",98,"Patrick Branch",Ianchester,"WA7 1EN","North Yorkshire",Visa,10/18
71977082,Miss,Carlie,Harris,Davis-Holmes,carlie.harris@griffiths.info,"0762 532 0373",92,"Mitchell Oval",Grayfort,"E12 5QJ",Berwickshire,"Visa Retired",05/19
96541973,Dr.,Dean,Matthews,"Young PLC",dean.matthews@brown.co.uk,0387729281,8,"Paula Falls","East Megan","RM16 3EW",Flintshire,MasterCard,12/18
66377459,Prof.,Mark,Davies,White-Chapman,mark.davies@cooper.com,"03011 32068",4,"Lewis Curve","Lake Tiffanyhaven","PO8 0LJ",Banffshire,MasterCard,07/20
30529537,Miss,Bethany,King,Wright-Owen,bethany.king@anderson.org,"(0874) 9918882",5,"Dean Islands",Naomimouth,"WR2 4HQ",Wigtownshire,Visa,03/19
85180482,Mrs.,Emma,Wilson,"Kelly Group",emma.wilson@davis.com,"+44(0)2914 119623",36,"Matthews Turnpike",Archiemouth,"RG40 4RX","East Sussex",Visa,10/21
24510522,Prof.,George,King,Watson-Hunter,george.king@shaw.com,0818409993,9,"Freddie Station","New Leahport","ML11 9BQ",Montgomeryshire,Visa,03/21
29448769,Prof.,Samuel,Walsh,"Walsh and Sons",samuel.walsh@evans.com,"(0216) 5767323",7,"Collins Point","Port Amandachester","L38 9EB",Merionethshire,MasterCard,05/19
62253143,Mr.,Neil,Robinson,Davis-Edwards,neil.robinson@price.biz,"(07665) 95638",88,"Naomi Streets",Isobelland,"BT66 7RR",Nottinghamshire,MasterCard,12/18
88644287,Ms.,Bethany,Holmes,"Roberts Ltd",bethany.holmes@holmes.com,"+44(0)0921 492666",6,"Lisa Unions",Rogershaven,"S35 4FX",Gloucestershire,MasterCard,10/19
47018458,Dr.,Riley,Cook,"Saunders Group",riley.cook@campbell.co.uk,"+44(0)4315 68888",303,"Walker Rapids",Ellisport,"W1G 6JQ",Shropshire,"Discover Card",12/19
69911773,Dr.,Patrick,Walsh,"Taylor Group",patrick.walsh@hunter.com,"+44(0)5266 94302",5,"Freddie Plains",Harleyshire,"BT25 2HD",Staffordshire,MasterCard,09/19
07138550,Mrs.,Pauline,Murphy,Stewart-Gray,pauline.murphy@edwards.com,01070931104,3,"Mike Terrace",Sabrinaburgh,"TS23 1AD","Tyne and Wear",Visa,06/19
58162707,Ms.,Vicky,Baker,"Hill, Parker and Ross",vicky.baker@walsh.com,"06342 121258",5,"Murray Square",Rosiemouth,"SK6 7QN",Ayrshire,Visa,06/19
30798965,Prof.,Adrian,Shaw,"Harrison Inc",adrian.shaw@cox.co.uk,"+44(0)7885 45125",869,"Lewis Rapids","North Samuel","TS22 5AN",Surrey,Visa,03/19
93562920,Dr.,Sally,Rose,"Ross, Harrison and Roberts",sally.rose@rose.org,0262678164,995,"Nick Green",Grayberg,"DG11 3JQ",Denbighshire,"Discover Card",09/19
66528107,Prof.,Tiffany,Gray,"Lloyd, Hall and Jones",tiffany.gray@butler.net,+44(0)387097636,43,"Clark Underpass","North Charlesport","LU7 4SW","Greater London","Visa Retired",12/18
07064085,Ms.,Tiffany,Mason,"Johnson, Palmer and Miller",tiffany.mason@collins.net,"+44(0)6465 35418",782,"Ward Creek",Grahamville,"SL7 3PB",Dumfriesshire,Visa,04/19
22949515,Mrs.,Isabella,Lloyd,"Clark, White and Adams",isabella.lloyd@wright.com,+44(0)318428501,78,"Sasha Island",Edwardsstad,"B37 7RA",Cambridgeshire,MasterCard,07/19
95451240,Mr.,Ray,Wilson,Green-Edwards,ray.wilson@turner.info,"+44(0)3111 97791",09,"Shaw Loop","New Maryborough","HR8 2JJ",Argyll,Visa,02/19
48423805,Prof.,Leanne,Khan,Moore-Williams,leanne.khan@jones.net,"05288 85353",046,"Johnson Corners","West Neilfurt","HU14 3EB",Kent,MasterCard,03/20
12184319,Dr.,Alex,Lloyd,"Graham, Chapman and Richards",alex.lloyd@saunders.org,"0563 5991843",31,"Craig Crossroad",Jakemouth,"LA8 9RA",Hampshire,Visa,07/20
33921541,Mr.,Adam,Turner,"Campbell, Thompson and Harris",adam.turner@watson.com,"0561 8731636",215,"Amber Rapid",Stefanberg,"BD22 9DN",Norfolk,MasterCard,05/20
10425216,Miss,Lindsay,Baker,"Evans, Richards and Wood",lindsay.baker@richards.info,"(09010) 038433",704,"Allen Gateway","Lake Peterhaven","CT5 3HQ",Derbyshire,"Visa Retired",08/20
96242517,Mrs.,Sienna,Murphy,"Simpson, Martin and Mason",sienna.murphy@russell.biz,"+44(0)5834 28866",80,"Stephen Mountain","South Benjamin","W6 7PR",Angus,Visa,12/18
13801014,Prof.,Anna,Wilkinson,"Phillips, Wilkinson and Campbell",anna.wilkinson@mitchell.org,"(04595) 70775",3,"Benjamin Forest","East Keithborough","M34 2JG","Greater London","American Express",09/21
07577417,Mr.,Sean,Saunders,Davis-Martin,sean.saunders@gray.info,"00154 81237",6,"Davis Overpass","North Kieranborough","TN34 9GL",Fife,"Discover Card",06/20
66564769,Dr.,Chris,Simpson,Parker-Hunt,chris.simpson@simpson.com,0537530780,95,"Thomas Spur",Leanneville,"GL3 4TA",Wiltshire,"Discover Card",09/19
85341250,Prof.,Christian,Jones,White-Hughes,christian.jones@collins.biz,"0763 179 4711",0,"Smith Rest",Priceview,"EC3P 3AY",Dorset,Visa,01/19
52805745,Ms.,Julie,Murray,Walker-Richardson,julie.murray@ellis.com,"00724 39160",107,"Ryan Ridge","Port Sasha","NG5 1HT",Worcestershire,MasterCard,09/20
75048288,Ms.,Eva,Brown,Smith-Walsh,eva.brown@wright.com,+44(0)6640459786,710,"Teagan Walks",Julieshire,"BN14 7AR",Lanarkshire,"Discover Card",03/19
92134348,Prof.,Courtney,Campbell,Harrison-Jones,courtney.campbell@hunter.co.uk,"00591 36594",1,"Ken Trail","East Natalieton","NE29 0AT",Peebleshire,Visa,11/20
99805160,Dr.,Henry,Lee,"Walsh, Stewart and Walsh",henry.lee@thomas.com,+44(0)0407453008,55,"Turner Underpass",Tracyfurt,"PR8 4RH",Dorset,"American Express",06/19
71207362,Dr.,Stephen,Bennett,"Graham PLC",stephen.bennett@edwards.com,"(0625) 3698324",21,"Reece Cape",Hunterbury,"HR9 7XU",Hampshire,MasterCard,06/21
97064129,Mr.,Karl,Walker,"Johnson PLC",karl.walker@cooper.com,+44(0)1328645118,7,"Walsh Turnpike","North Fayemouth","S70 4DN",Kent,"American Express",05/21
17831605,Miss,Karen,Marshall,Ross-Powell,karen.marshall@clarke.co.uk,"+44(0)0789 228845",561,"Williams Lights",Hallbury,"NR31 8NS",Moray,MasterCard,06/19
81858244,Mr.,Charlie,Gray,Wright-Ross,charlie.gray@watson.co.uk,"+44(0)5775 94561",8,"Ryan Island",Leeborough,"TN15 8JE",Kent,MasterCard,07/21
71215345,Miss,Caroline,Murphy,"Robertson and Sons",caroline.murphy@murray.biz,+44(0)433719637,08,"Hunter Village",Charliestad,"B23 5RS",Fife,Visa,01/19
08082692,Prof.,Stefan,Bell,"Evans Group",stefan.bell@taylor.com,0840269713,0,"Kelly Land",Moorechester,"IG1 3TR",Bute,MasterCard,04/21
47928695,Mr.,Bruce,Morris,Williams-Lee,bruce.morris@powell.com,"(03225) 94118",8,"Tina Shoals",Hunthaven,"RH10 7RT",Lancashire,"American Express",01/20
87592904,Mr.,Gavin,Davis,"Johnson, Griffiths and Allen",gavin.davis@hill.net,"(09231) 26628",34,"Price Heights",Fionaburgh,"W6 7PR",Hampshire,"American Express",05/20
16537359,Dr.,Paula,Miller,"Adams Ltd",paula.miller@lewis.info,"09755 297276",71,"Karl Fall","East Harrisonhaven","ST3 5SH",Worcestershire,MasterCard,10/18
27189502,Mr.,Theo,Khan,"Hill PLC",theo.khan@matthews.com,"02365 668254",1,"Julia Court",Markhaven,"AB11 5QE",Cheshire,Visa,01/21
33313082,Dr.,Nicole,Wood,Fox-Harris,nicole.wood@wood.com,"0893 985 8834",45,"Lola Glens","South Elsie","W5 9TG","West Yorkshire",Visa,06/19
80059606,Mrs.,Teagan,Green,"Lewis Group",teagan.green@bell.info,"+44(0)6043 062396",88,"Moore River","Port Julie","M50 3TU",London,Visa,05/21
12185844,Mr.,Adrian,Walsh,Reid-Russell,adrian.walsh@green.com,"03830 207831",6,"Wood Mills","East Joel","BT15 3FB",Cardiganshire,MasterCard,09/21
33813818,Dr.,Carole,Martin,"Green Ltd",carole.martin@kennedy.com,"0597 8434920",03,"Adrian Garden",Dalemouth,"DD1 2NF",Aberdeenshire,MasterCard,07/20
94244895,Dr.,Candice,Smith,"Stevens Ltd",candice.smith@anderson.co.uk,"05291 24269",0,"Richards Place","New Georgeland","N14 5HW",Staffordshire,Visa,06/19
79372298,Mrs.,Lucy,Harris,"Simpson, Adams and Powell",lucy.harris@marshall.biz,"(0172) 8292636",697,"Helen Junctions",Morrischester,"RH19 9GG",London,"Visa Retired",09/20
52099607,Mr.,Wayne,Hunt,Walker-Green,wayne.hunt@owen.com,+44(0)563021590,09,"Stevens Gateway","Lake Nicole","BD4 7HP",Argyll,Visa,09/19
80382469,Prof.,Peter,Richards,"Lee and Sons",peter.richards@allen.net,"0553 445 3890",9,"Wendy Flats","Port Amandaside","WA5 1QF","Greater London",MasterCard,04/19
61496618,Mrs.,Wendy,Russell,"Wilson, Harris and Jones",wendy.russell@baker.com,07213694197,32,"Griffiths Square","South Dylanhaven","CO1 1QR",Suffolk,MasterCard,09/19
97428276,Prof.,Harley,Smith,Stevens-Russell,harley.smith@young.biz,03482365709,55,"Murray Alley","Lake Leoshire","NW4 4XL",Essex,MasterCard,03/20
63083781,Dr.,Sonia,Edwards,Cox-Morris,sonia.edwards@lee.com,+44(0)963245414,709,"Edwards Estate","West Leahside","CT5 3HQ",Shropshire,MasterCard,07/21
11004305,Mrs.,Tiffany,Lewis,"Robertson, Robinson and Robinson",tiffany.lewis@griffiths.com,"(01031) 836002",394,"Richards Pike",Carriefurt,"LE3 9LB",Angus,MasterCard,05/19
28634663,Miss,Helena,Marshall,"Clarke and Sons",helena.marshall@griffiths.biz,"(0163) 609 2281",4,"Cooper Union","North Lucas","B23 5RS","West Yorkshire",MasterCard,05/20
34154984,Dr.,Tanya,Patel,"Palmer Group",tanya.patel@collins.info,"0429 235 3793",4,"Ward Groves","South Dylan","EX12 2WH",Warwickshire,MasterCard,01/20
22210660,Mr.,Elliott,Harrison,"Hill, Griffiths and Roberts",elliott.harrison@harrison.com,+44(0)8940419667,35,"Rose Knoll",Smithborough,"NE29 0AT","East Sussex","Discover Card",10/21
96303076,Dr.,Leo,Parker,Watson-Simpson,leo.parker@wilson.co.uk,"0624 618 9074",895,"Stephen Glen",Kennedyland,"CH1 4EZ",Montgomeryshire,Visa,09/21
67595327,Miss,Layla,Cox,"Williams, Watson and Turner",layla.cox@lewis.com,"(0711) 778 3889",70,"Liam Shoal",Kingview,"W5 9TG",Kinross-shire,Visa,05/21
25059130,Prof.,Adele,Campbell,"Hall and Sons",adele.campbell@hunter.info,06031128544,996,"Patel Mews",Kellyfort,"KA3 7PR",Caernarvonshire,Visa,05/21
42059344,Dr.,Max,Bennett,Owen-Owen,max.bennett@walsh.com,"(00804) 215493",547,"Katie Isle",Allenfurt,"RM14 2LD",Gloucestershire,MasterCard,12/18
15587289,Prof.,Justine,Price,Reid-Fox,justine.price@baker.net,+44(0)903591118,0,"Davis Camp",Bradleytown,"S70 5RT",Derbyshire,"American Express",05/19
84865698,Prof.,Katie,Robinson,"Lee, Bennett and Clarke",katie.robinson@cook.biz,"(0036) 474 6100",26,"Davies Brooks",Woodland,"M34 2JG",Nairnshire,Visa,06/20
66709200,Mr.,Karl,Walsh,Jackson-Cooper,karl.walsh@taylor.biz,+44(0)064418543,493,"Elizabeth Manor",Lukemouth,"NG17 1BH",Carmarthenshire,Visa,07/20
67191214,Prof.,Tyler,Carter,"Taylor Ltd",tyler.carter@murray.com,+44(0)524953246,4,"Julie Unions",Walkerhaven,"CW5 6QF",Devon,Visa,10/18
28531259,Dr.,Jacob,Price,Rogers-Hunter,jacob.price@wilkinson.info,"0712 5064813",3,"Anna Burg",Liamshire,"RG14 2NL",Wigtownshire,Visa,07/21
52094786,Dr.,Tina,Hunt,Shaw-Russell,tina.hunt@khan.co.uk,+44(0)799665431,4,"Gary Estate","South Melissa","TN11 8HT",Dorset,"American Express",03/20
38461827,Dr.,Jeremy,Owen,Wright-Lewis,jeremy.owen@powell.com,"(0656) 573 9744",1,"Brown Coves","Port Georgiafurt","WV5 9BS",Gloucestershire,MasterCard,11/19
41758083,Mr.,Luke,Hughes,Wilkinson-Hill,luke.hughes@kennedy.com,"0328 680 2794",83,"Damien Estates","South Scarlettburgh","LS17 8LP",Surrey,MasterCard,08/20
43686945,Prof.,Archie,Matthews,Brown-Baker,archie.matthews@martin.org,0514525630,99,"Gavin Mountains","South Yvette","LE3 9LB",Berwickshire,Visa,04/20
54732121,Dr.,Joe,Hughes,Jones-Murphy,joe.hughes@james.co.uk,"(02812) 684021",74,"Bennett Parkway","Port Summershire","EH4 5LQ",Norfolk,MasterCard,04/19
34890263,Prof.,Connor,Jackson,"Clarke Inc",connor.jackson@james.co.uk,"(00954) 280199",20,"Alison Dam",Morrisville,"L35 5JA",Gloucestershire,MasterCard,10/19
96515282,Prof.,Martin,Rogers,"Gray, Reid and Watson",martin.rogers@phillips.info,"(04072) 87223",527,"Stephanie Mountain",Helenport,"CR5 3DN",Hertfordshire,"American Express",06/19
53772199,Prof.,Owen,Hill,"Campbell Group",owen.hill@evans.com,"02089 75718",2,"Noah Shores","South Freya","BD22 9DN",Derbyshire,"Discover Card",11/20
72116486,Prof.,Oliver,Scott,"Rogers Ltd",oliver.scott@mason.com,"(06771) 303045",4,"Murray Wall",Paulbury,"SE23 3RG",Dumfriesshire,"American Express",03/20
72093702,Dr.,Tony,Anderson,"Butler, Davies and Wood",tony.anderson@adams.com,"0750 962 6863",462,"Martin Landing","North Lucasmouth","HP19 9BW",Suffolk,"Visa Retired",10/19
30245863,Ms.,Francesca,Matthews,"Thomas, Bell and Khan",francesca.matthews@griffiths.com,"01800 78756",917,"Chelsea Villages",Danville,"GU7 9SD",Merionethshire,Visa,11/20
46105265,Prof.,William,Morris,"Hunt, Green and Cook",william.morris@lee.com,"02368 914346",620,"Russell Avenue","Lake Dantown","G61 3HA",Moray,Visa,12/20
56205186,Prof.,Finley,Davis,"Phillips, Murphy and Owen",finley.davis@jones.com,"(05436) 28979",3,"Phillips Square",Lexibury,"TR16 6EU",Cambridgeshire,Visa,09/20
44575444,Prof.,Elliott,Scott,"Phillips, Lewis and Wood",elliott.scott@ross.biz,"(06280) 97855",909,"Holmes Centers","Port Ella","S49 1YZ","Greater Manchester","American Express",08/21
96974140,Prof.,Yasmine,Young,"Morgan and Sons",yasmine.young@shaw.com,"05439 588038",09,"Greg Harbours","North Alexandra","CT14 7EW",Lancashire,MasterCard,09/20
47229357,Dr.,Stefan,Richardson,"Edwards and Sons",stefan.richardson@taylor.com,"04073 859660",59,"Green Light","North Philipborough","BN41 1PT","South Yorkshire",Visa,03/19
69310798,Mr.,Mike,Davies,Fox-Reynolds,mike.davies@thompson.org,"(0681) 3661297",40,"Bennett Viaduct",Lewisport,"SM3 9QR",Cambridgeshire,Visa,04/19
30972784,Miss,Amanda,Marshall,"Murray Ltd",amanda.marshall@murray.org,"(0415) 6820535",7,"Kelly Lock",Owenburgh,"MK16 0FL","West Yorkshire",MasterCard,11/20
57148409,Prof.,Pete,Thompson,"Knight, Jones and Marshall",pete.thompson@saunders.org,"0112 7415181",6,"Brown Plaza","North Archieborough","W1K 7AF",Glamorgan,MasterCard,09/21
14154988,Dr.,Amelia,Hall,Marshall-Shaw,amelia.hall@robinson.co.uk,"+44(0)8082 019450",62,"Nicole Plains",Tarafort,"HD9 4DH",Angus,MasterCard,06/19
33084334,Prof.,Jeremy,Phillips,"Campbell PLC",jeremy.phillips@king.com,+44(0)140083167,0,"Rowena Key",Millerchester,"TR19 6DX","Tyne and Wear",MasterCard,05/19
76398461,Dr.,Summer,Taylor,Hill-Lloyd,summer.taylor@owen.org,"(08331) 662512",3,"Thompson Circles","Port Eileen","PL7 4AJ",Caithness,Visa,12/20
69223574,Dr.,Leanne,Cooper,"Cooper, Green and Scott",leanne.cooper@wood.com,+44(0)267232047,17,"Eden Ways","New Carmen","GL14 2NW",Dorset,"Discover Card",10/19
80981654,Dr.,Zachary,Anderson,"Parker Inc",zachary.anderson@cook.com,06626821479,98,"Courtney Point",Evelynside,"CT6 7HL","West Yorkshire","Discover Card",09/19
13870691,Prof.,Ashley,Moore,"Davis, King and Kennedy",ashley.moore@kelly.com,+44(0)2398899313,4,"Martin Ports","East Amber","WR14 2YU",Pembrokeshire,Visa,06/19
38524674,Miss,Ellie,Kennedy,Kennedy-Parker,ellie.kennedy@thomas.org,"(06815) 49014",238,"Danielle Union","North Fayeburgh","CF39 0LH",Dumfriesshire,MasterCard,10/18
53326210,Mrs.,Sasha,Bennett,"Robertson PLC",sasha.bennett@fox.com,"+44(0)4841 831382",57,"Tim Forks","North Garystad","PO21 3JR","Ross & Cromarty",MasterCard,06/19
50496557,Dr.,Andrew,Stewart,"Bennett, Clark and Parker",andrew.stewart@edwards.info,"0216 0356973",15,"Maisie Trace","Lake Paulchester","CH45 6UP",Durham,Visa,07/19
47993834,Dr.,Frank,Turner,"Reynolds, Jones and Wright",frank.turner@phillips.com,"0029 748 9025",21,"Holmes Passage","West Danielville","B17 0LW",Warwickshire,"American Express",01/20
29972090,Dr.,Joseph,Saunders,"Butler, Reynolds and Lewis",joseph.saunders@lloyd.com,"+44(0)2374 64994",89,"Richardson Garden",Coxborough,"LU3 1HQ","West Lothian",Visa,12/20
71496495,Dr.,Roxanne,Robinson,"Davis, Robertson and Phillips",roxanne.robinson@mason.com,"0040 1212914",12,"Johnson Mills","New Joanneland","CV34 4DF",Clackmannanshire,"Discover Card",04/21
30686390,Dr.,Chelsea,Collins,Murray-Reid,chelsea.collins@collins.com,"0850 287 7486",267,"Walker Fork",Jamesborough,"KA7 1TH",Suffolk,Visa,01/21
